{"record1":{"0":-0.7331537125,"1":0.5016639481,"2":-0.280889432,"3":2.4918140595,"4":-0.547003311},"record2":{"0":-0.2312660209,"1":0.3963663603,"2":0.0330939373,"3":-0.2212042008,"4":1.328603518}}