{"record1":{"0":0.7621982291,"1":-0.0719811427,"2":-0.8572904818,"3":0.4224519256,"4":1.6986137647},"record2":{"0":-0.4353901964,"1":0.9618512313,"2":1.3237390986,"3":-1.0439264573,"4":-0.3122160791}}