{"record1":{"0":0.5357216714,"1":0.1111992918,"2":-0.6375374302,"3":0.2871147053,"4":0.8115725358},"record2":{"0":1.3200331534,"1":1.3881371002,"2":0.1987516573,"3":0.7144225173,"4":-1.1660752896}}