{"record1":{"0":-0.1637399585,"1":1.0660653526,"2":0.4415672112,"3":1.3290184597,"4":0.7992836492},"record2":{"0":-1.7923771093,"1":-0.0428429451,"2":-0.8823466525,"3":-0.5767048979,"4":0.5175204592}}