{"record1":{"0":0.7444360592,"1":-1.6178293219,"2":0.6147866988,"3":1.6777264716,"4":1.5786775391},"record2":{"0":1.2641406737,"1":1.221269094,"2":-0.2632007589,"3":2.3701301916,"4":-0.7403882059}}