{"record1":{"0":1.2944268196,"1":-0.6821184073,"2":1.2522486441,"3":0.321238467,"4":0.1614440978},"record2":{"0":1.5172947373,"1":-1.314097204,"2":0.3867216907,"3":0.1452392499,"4":-0.1654529972}}