{"record1":{"0":1.2672545236,"1":1.3857715937,"2":-0.7355563927,"3":0.2881220287,"4":-0.0604586309},"record2":{"0":-0.5279052791,"1":-0.2741913455,"2":0.3410233376,"3":0.2814185193,"4":0.3844060502}}