{"record1":{"0":-0.3357908161,"1":0.5037947722,"2":0.6962964219,"3":2.6217993004,"4":1.4893967823},"record2":{"0":0.0395734994,"1":-0.2272896613,"2":-1.7636148746,"3":0.8635841833,"4":-2.0225071898}}