{"record1":{"0":-0.2243197877,"1":-0.9335634174,"2":1.5645176558,"3":-1.2073569508,"4":0.8032027516},"record2":{"0":0.3199794162,"1":-1.7167913803,"2":-1.2320939821,"3":0.8550072783,"4":-0.3017578052}}