{"record1":{"0":-0.5798652643,"1":-0.6313883093,"2":-2.2599538574,"3":-0.0129748493,"4":-0.4568055709},"record2":{"0":1.0537182511,"1":0.7349744618,"2":-0.9044416504,"3":-0.5340866366,"4":-0.48500875}}