{"record1":{"0":-0.941757482,"1":-0.7958983513,"2":1.2549478522,"3":0.8871308312,"4":1.003545693},"record2":{"0":-0.3841145453,"1":0.2904973983,"2":0.0584447448,"3":0.5730589981,"4":0.0491350028}}