{"record1":{"0":-0.920580344,"1":-0.1619068398,"2":0.0537882188,"3":1.3047399154,"4":-0.2761531347},"record2":{"0":0.2900573393,"1":0.2904714983,"2":-0.4540774816,"3":-0.3887409205,"4":1.6467798514}}