{"record1":{"0":1.7976512057,"1":-1.8637669349,"2":-0.7312451263,"3":-0.0879317625,"4":-0.9806056692},"record2":{"0":0.854754794,"1":1.1223000945,"2":-1.0123778821,"3":-0.5380873689,"4":0.7882881134}}