{"record1":{"0":1.9069971674,"1":-0.4400706732,"2":-0.7374568442,"3":0.1688889436,"4":-0.9401063986},"record2":{"0":-1.2905477106,"1":0.3258892681,"2":-0.6450865081,"3":-0.1778443813,"4":-0.5519893034}}