{"record1":{"0":-0.4835600261,"1":2.0043363008,"2":-0.2057910871,"3":0.8465301252,"4":0.0543620486},"record2":{"0":-1.0016123636,"1":2.4095117043,"2":-0.9342540484,"3":-0.3610815668,"4":0.7210263892}}