{"record1":{"0":0.1578526814,"1":1.1565865484,"2":0.7185898946,"3":-1.1651218687,"4":-1.9869181322},"record2":{"0":-1.2133697501,"1":-0.3291374407,"2":0.3647394528,"3":-1.0915684629,"4":-1.3245155717}}