{"record1":{"0":0.2751779567,"1":-1.59550605,"2":-0.9305142081,"3":-0.9140592807,"4":0.8922625784},"record2":{"0":1.6045366425,"1":-0.9968404935,"2":2.2813195885,"3":-0.3542039669,"4":0.3865530062}}