{"record1":{"0":-0.4664623511,"1":0.5208100505,"2":0.781006863,"3":-0.545831519,"4":0.0290008272},"record2":{"0":0.489519736,"1":-0.9372953873,"2":0.0771872798,"3":-0.1106509787,"4":-0.4021861171}}