{"record1":{"0":0.442757933,"1":-0.0632652347,"2":0.7162085677,"3":0.126957014,"4":1.62120252},"record2":{"0":0.750586394,"1":-0.5757953941,"2":0.2588664412,"3":-1.2551235403,"4":-1.5272142607}}