{"record1":{"0":-0.1708826436,"1":-0.2881804494,"2":0.3684155771,"3":1.1603457183,"4":-1.0319109151},"record2":{"0":0.0224419788,"1":1.5170184559,"2":-0.9085864143,"3":1.2503299138,"4":-0.4337579487}}