{"record1":{"0":-0.0985391948,"1":-0.6271415884,"2":0.6707758996,"3":0.5178447282,"4":-1.0532936368},"record2":{"0":-0.1059596984,"1":0.270505489,"2":-0.8998795378,"3":0.2932610574,"4":0.2483982975}}