{"record1":{"0":0.6264669571,"1":-1.3713209433,"2":-0.5523405434,"3":-0.5233691889,"4":-0.0241157697},"record2":{"0":0.4956467587,"1":0.6870085974,"2":0.8654649219,"3":0.4441861864,"4":-0.409980461}}