{"record1":{"0":-0.0715347994,"1":0.2545916954,"2":0.9700984457,"3":-1.2499281788,"4":0.2229584869},"record2":{"0":0.6978974554,"1":1.5876858149,"2":1.2119056958,"3":-0.2423758035,"4":-1.2386425114}}