{"record1":{"0":-0.0902619149,"1":0.3500524272,"2":1.0214374847,"3":-1.3088611876,"4":-0.5772127593},"record2":{"0":1.5073475251,"1":0.3430055659,"2":0.204704999,"3":0.3504619803,"4":1.4628928722}}