{"record1":{"0":0.2165254669,"1":-1.9814112213,"2":1.0860474405,"3":-0.6866365075,"4":0.3600398887},"record2":{"0":-0.0692869073,"1":0.0629348173,"2":1.6722599249,"3":-0.2187162042,"4":1.3844546626}}