{"record1":{"0":0.6771311706,"1":0.5506249874,"2":-0.2357665684,"3":0.6413880724,"4":0.4123859563},"record2":{"0":1.1006175035,"1":-0.3093165484,"2":0.4222335232,"3":0.8066814592,"4":-0.9783454334}}