{"record1":{"0":0.6206921054,"1":0.358066829,"2":1.2500713537,"3":-0.3292630189,"4":-1.0919091953},"record2":{"0":0.0251394372,"1":0.6073121816,"2":1.4516965392,"3":0.889882753,"4":-0.6309428904}}