{"record1":{"0":1.2123993125,"1":1.934399743,"2":1.0123572799,"3":1.0880936462,"4":-0.526631448},"record2":{"0":-0.0164398906,"1":-1.3466757918,"2":-0.0093769222,"3":-0.8192853953,"4":1.4662184739}}