{"record1":{"0":0.4469805114,"1":0.0857503285,"2":-0.3159097643,"3":0.4500026984,"4":1.2518901266},"record2":{"0":0.5840965243,"1":-1.5335007424,"2":0.6296656801,"3":-1.4766675459,"4":0.1671855727}}