{"record1":{"0":-1.4451323098,"1":-0.0518305417,"2":0.5229280564,"3":-0.8726673581,"4":0.6363543641},"record2":{"0":-0.0226201964,"1":-0.1289903557,"2":0.7210666485,"3":-0.7108099123,"4":0.2533455647}}