{"record1":{"0":-0.3591147792,"1":1.5622457766,"2":1.0955555541,"3":-0.5312403085,"4":-1.1121733532},"record2":{"0":-0.1582238689,"1":1.5426224749,"2":-2.1893301265,"3":-0.1499942983,"4":-0.4194414228}}