{"record1":{"0":0.829918412,"1":0.0864029148,"2":0.3244340654,"3":0.5412291178,"4":0.4260250924},"record2":{"0":0.8597841174,"1":0.595494631,"2":0.2762061464,"3":0.98370419,"4":0.7044770503}}