{"record1":{"0":-0.9776347195,"1":1.0875611569,"2":0.756544945,"3":1.4177011481,"4":0.7510495341},"record2":{"0":1.1878908434,"1":0.0830067145,"2":0.2427872819,"3":1.5200124999,"4":0.1790259232}}