{"record1":{"0":0.6282589613,"1":0.0860095141,"2":0.260805517,"3":-0.5274749675,"4":-1.1100466668},"record2":{"0":-0.3782967813,"1":-0.0222800684,"2":-0.665067311,"3":-1.0307620272,"4":1.5882766159}}