{"record1":{"0":1.5888925795,"1":0.3802798632,"2":0.3157827243,"3":0.2319981964,"4":0.4535290932},"record2":{"0":0.4907706394,"1":0.302247956,"2":-1.1203106472,"3":-1.3221860539,"4":-1.940151328}}