{"record1":{"0":0.2070762294,"1":2.1436774969,"2":0.181639939,"3":0.7286750352,"4":1.5993857565},"record2":{"0":-0.2848010682,"1":0.3817446128,"2":0.0508221426,"3":-0.0847152903,"4":1.9982672068}}