{"record1":{"0":-1.0597578068,"1":-0.7329700188,"2":-0.5131058106,"3":0.0817665869,"4":0.2281110379},"record2":{"0":0.9875865619,"1":0.5302289958,"2":-1.043401552,"3":-0.3449409341,"4":-0.472951035}}