{"record1":{"0":-1.41840599,"1":1.3354378412,"2":2.0462930937,"3":0.2858598637,"4":0.689234731},"record2":{"0":-0.2823159009,"1":0.3645660363,"2":-0.5981076972,"3":-0.7360386953,"4":0.6983098606}}