{"record1":{"0":0.539304897,"1":1.0018790948,"2":0.5081814271,"3":-1.1003124856,"4":-0.6518030146},"record2":{"0":0.4036415014,"1":0.567984226,"2":0.2882959941,"3":-1.3097073104,"4":-1.1591598596}}