{"record1":{"0":1.3749186101,"1":-0.5840056022,"2":0.3705693268,"3":0.4078685884,"4":0.3054829533},"record2":{"0":-0.092383183,"1":-0.7768955804,"2":-0.0715843956,"3":0.4640834462,"4":0.2962535047}}