{"record1":{"0":-0.755870228,"1":0.8357643944,"2":0.4850426755,"3":-1.0534871082,"4":0.2165432815},"record2":{"0":-0.2576868265,"1":0.71710229,"2":-1.3944213421,"3":1.0365805656,"4":0.9517700677}}