{"record1":{"0":0.4752024798,"1":1.1415946664,"2":-0.1253656986,"3":-0.6777346767,"4":-0.03016493},"record2":{"0":0.787427159,"1":-0.0728178719,"2":0.8986935826,"3":1.0223166856,"4":0.4498587459}}