{"record1":{"0":-1.1352786828,"1":-0.8794377136,"2":1.4424955242,"3":0.542605575,"4":0.9642170137},"record2":{"0":0.1061744991,"1":-0.9888775771,"2":-0.0863460053,"3":-0.6660300932,"4":2.2265220779}}