{"record1":{"0":-0.001122293,"1":0.5820326575,"2":0.7110672476,"3":-0.6743344342,"4":0.1051575727},"record2":{"0":0.3952162681,"1":-0.1135944983,"2":0.100777137,"3":-1.6217906834,"4":-0.2816061672}}