{"record1":{"0":-0.6587655142,"1":1.199826311,"2":0.2289465391,"3":-1.0234619287,"4":-1.2676818974},"record2":{"0":0.5675048972,"1":1.7989757933,"2":-0.6702114712,"3":-1.034142156,"4":0.0174535937}}