{
  "record1": {
    "0": -1.0573614439,
    "1": -1.432611163,
    "2": -0.3729878126,
    "3": -0.7679833686,
    "4": -0.0411479377
  },
  "record2": {
    "0": -3.6342054957,
    "1": -0.0704618052,
    "2": 0.3182474855,
    "3": -0.1805760032,
    "4": -0.9144844077
  }
}
