{"record1":{"0":0.3543099723,"1":0.4177738085,"2":0.3153943795,"3":-2.3886855915,"4":-0.8240517246},"record2":{"0":1.6451221661,"1":0.7407764171,"2":0.3011354077,"3":-1.2024537082,"4":-1.1932623562}}