{"record1":{"0":0.5143436397,"1":0.5690333512,"2":1.5919221644,"3":-1.6686999004,"4":-0.7583710738},"record2":{"0":-0.2195796355,"1":0.390927547,"2":-1.2575943883,"3":-1.0037430505,"4":0.872950681}}