{"record1":{"0":0.4203738992,"1":0.8359510661,"2":-0.3117936674,"3":-1.155785574,"4":0.5689942658},"record2":{"0":0.1294169903,"1":1.5024694099,"2":-1.5628584111,"3":-1.6902910259,"4":0.4212684228}}