{"record1":{"0":0.2728141926,"1":0.184046497,"2":0.7784375693,"3":0.9476728426,"4":0.7425886286},"record2":{"0":0.2891931279,"1":0.5521703588,"2":0.7733717056,"3":0.0635020628,"4":0.8228511047}}