{"record1":{"0":-0.3059737437,"1":-1.2924317919,"2":-0.3307081398,"3":-1.1437894198,"4":-0.6517142376},"record2":{"0":-1.1676186976,"1":0.3504406833,"2":0.4812481766,"3":-1.2148755563,"4":0.1116826983}}