{"record1":{"0":-0.0532495875,"1":0.2941089363,"2":-1.4773840149,"3":1.0717939829,"4":-0.5525475307},"record2":{"0":1.1211975198,"1":0.0137956635,"2":0.13012922,"3":-0.0951084728,"4":0.7522591853}}