{"record1":{"0":0.8631017522,"1":-0.0897810034,"2":-0.4663507163,"3":0.3160259702,"4":0.0533309439},"record2":{"0":-0.5912150301,"1":-1.2167135122,"2":-0.3600529312,"3":-0.1456108765,"4":-0.7981627915}}