{"record1":{"0":-0.5712277589,"1":0.0659384444,"2":-0.9284828466,"3":-0.9913624823,"4":-3.014599321},"record2":{"0":0.6000909796,"1":-1.1918554947,"2":-0.4721342486,"3":-0.6907445876,"4":-0.1369085407}}