{"record1":{"0":0.3484416337,"1":-1.0584030171,"2":-0.3466721892,"3":0.2948229435,"4":0.9957870071},"record2":{"0":0.49348349,"1":1.6427206299,"2":0.4414599317,"3":-0.3028243374,"4":1.0687822727}}